{
  "project_info": {
    "project_number": "937483565111",
    "project_id": "personalauxiliar-b92f9",
    "storage_bucket": "personalauxiliar-b92f9.appspot.com"
  },
  "client": [
    {
      "client_info": {
        "mobilesdk_app_id": "1:937483565111:android:aaff3d87fae55b927267b2",
        "android_client_info": {
          "package_name": "com.example.tema2"
        }
      },
      "oauth_client": [
        {
          "client_id": "937483565111-1i5ta84vclbg33jvqvamg887kh6lvb6v.apps.googleusercontent.com",
          "client_type": 3
        }
      ],
      "api_key": [
        {
          "current_key": "AIzaSyBy5MHE145HKARhq0JDyrWpeiu0oxZMe3c"
        }
      ],
      "services": {
        "appinvite_service": {
          "other_platform_oauth_client": [
            {
              "client_id": "937483565111-1i5ta84vclbg33jvqvamg887kh6lvb6v.apps.googleusercontent.com",
              "client_type": 3
            }
          ]
        }
      }
    }
  ],
  "configuration_version": "1"
}