<?xml version="1.0" encoding="UTF-8" ?>
<obiecteinventar>
    <obiectinventar>
        <denumire>Paine</denumire>
        <numarinventar>1234</numarinventar>
        <dataadaugarii>12/12/2020</dataadaugarii>
        <valoare>4444</valoare>
        <uzura>mica</uzura>
    </obiectinventar>
    <obiectinventar>
        <denumire>Suc</denumire>
        <numarinventar>1235</numarinventar>
        <dataadaugarii>10/12/2020</dataadaugarii>
        <valoare>4434</valoare>
        <uzura>mare</uzura>
    </obiectinventar>
</obiecteinventar>