{
  "project_info": {
    "project_number": "527768271774",
    "project_id": "elevifirebase",
    "storage_bucket": "elevifirebase.appspot.com"
  },
  "client": [
    {
      "client_info": {
        "mobilesdk_app_id": "1:527768271774:android:0f1e7bdb1e4cacdeb3348f",
        "android_client_info": {
          "package_name": "com.example.proiect"
        }
      },
      "oauth_client": [
        {
          "client_id": "527768271774-9hudic5t7jmgl3lp56c09dp0ftah1btc.apps.googleusercontent.com",
          "client_type": 3
        }
      ],
      "api_key": [
        {
          "current_key": "AIzaSyDmIrABaTb9GlhE4AU2eP865GvwYsEm9XM"
        }
      ],
      "services": {
        "appinvite_service": {
          "other_platform_oauth_client": [
            {
              "client_id": "527768271774-9hudic5t7jmgl3lp56c09dp0ftah1btc.apps.googleusercontent.com",
              "client_type": 3
            }
          ]
        }
      }
    }
  ],
  "configuration_version": "1"
}